{
    "test_accuracy": 0.4902,
    "learning_rate": 0.1,
    "batch_size": 128,
    "hidden_dims": [
        128
    ],
    "use_batch_norm": null,
    "epochs": 10,
    "seed": 42,
    "val_accuracies": [
        0.4296,
        0.4506,
        0.4744,
        0.4512,
        0.4812,
        0.4994,
        0.4636,
        0.4948,
        0.4924,
        0.4782
    ],
    "training_losses": [
        1.9964916131100499,
        1.5704439697595387,
        1.5014167422562117,
        1.443638217618288,
        1.4093076943612706,
        1.3761844937289367,
        1.3403581258828652,
        1.3174700374156976,
        1.2890584615026268,
        1.2702523770230885
    ]
}