{
    "test_accuracy": 0.5025,
    "learning_rate": 0.1,
    "batch_size": 128,
    "hidden_dims": [
        128
    ],
    "use_batch_norm": true,
    "epochs": 10,
    "seed": 42,
    "val_accuracies": [
        0.431,
        0.452,
        0.4672,
        0.4692,
        0.4886,
        0.4828,
        0.5054,
        0.4966,
        0.5048,
        0.5002
    ],
    "training_losses": [
        1.7360228853687603,
        1.5806908447857935,
        1.5123361919680212,
        1.458641915579467,
        1.4164266769702618,
        1.3838125215975987,
        1.352754860522061,
        1.3278828910273364,
        1.3027986046935078,
        1.2840977784914849
    ]
}