{
    "test_accuracy": 0.5023,
    "learning_rate": 0.1,
    "batch_size": 128,
    "hidden_dims": [
        128
    ],
    "use_batch_norm": false,
    "epochs": 10,
    "seed": 42,
    "val_accuracies": [
        0.4348,
        0.4612,
        0.4546,
        0.4876,
        0.4698,
        0.4728,
        0.4946,
        0.4956,
        0.504,
        0.5008
    ],
    "training_losses": [
        1.802496294350366,
        1.5696889107723182,
        1.5096556206374427,
        1.4519734620368718,
        1.407178958596667,
        1.3768811613066583,
        1.3477852296965074,
        1.3273871456116353,
        1.2945408573177806,
        1.278127838064123
    ]
}